{
  "features": [
    "age",
    "sex",
    "cp",
    "trestbps",
    "chol",
    "fbs",
    "restecg",
    "thalach",
    "exang",
    "oldpeak",
    "slope",
    "ca",
    "thal"
  ],
  "coefficients": [
    -0.08559140600023718,
    -0.7830855227335494,
    0.8179036309655467,
    -0.2733068494443482,
    -0.17484121288174115,
    0.09031166263166437,
    0.2841789323126423,
    0.3951308718761357,
    -0.5175838792013208,
    -0.6813963466155426,
    0.4353016780808153,
    -0.7899552494876225,
    -0.5656585292886971
  ],
  "intercept": 0.17893699844861854,
  "scale_mean": [
    54.46280991735537,
    0.6570247933884298,
    0.9917355371900827,
    130.3595041322314,
    246.84297520661158,
    0.128099173553719,
    0.5537190082644629,
    150.11570247933884,
    0.3140495867768595,
    1.0132231404958678,
    1.421487603305785,
    0.6818181818181818,
    2.3016528925619837
  ],
  "scale_var": [
    84.37258383990165,
    0.22534321426132098,
    1.0412540127040502,
    282.0401782665119,
    2775.8431118093026,
    0.11168977528857321,
    0.280172119390752,
    497.56512533296905,
    0.21542244382214326,
    1.2106515948364183,
    0.3678027457140905,
    0.9772727272727274,
    0.3511542927395669
  ]
}